date,exchange_rate
2009-01-02,0.00
2009-01-04,0.00
2009-01-06,0.00
2009-01-08,0.00
2009-01-10,0.00
2009-01-12,0.00
2009-01-14,0.00
2009-01-16,0.00
2009-01-18,0.00
2009-01-20,0.00
2009-01-22,0.00
2009-01-24,0.00
2009-01-26,0.00
2009-01-28,0.00
2009-01-30,0.00
2009-02-01,0.00
2009-02-03,0.00
2009-02-05,0.00
2009-02-07,0.00
2009-02-09,0.00
2009-02-11,0.00
2009-02-13,0.00
2009-02-15,0.00
2009-02-17,0.00
2009-02-19,0.00
2009-02-21,0.00
2009-02-23,0.00
2009-02-25,0.00
2009-02-27,0.00
2009-03-01,0.00
2009-03-03,0.00
2009-03-05,0.00
2009-03-07,0.00
2009-03-09,0.00
2009-03-11,0.00
2009-03-13,0.00
2009-03-15,0.00
2009-03-17,0.00
2009-03-19,0.00
2009-03-21,0.00
2009-03-23,0.00
2009-03-25,0.00
2009-03-27,0.00
2009-03-29,0.00
2009-03-31,0.00
2009-04-02,0.00
2009-04-04,0.00
2009-04-06,0.00
2009-04-08,0.00
2009-04-10,0.00
2009-04-12,0.00
2009-04-14,0.00
2009-04-16,0.00
2009-04-18,0.00
2009-04-20,0.00
2009-04-22,0.00
2009-04-24,0.00
2009-04-26,0.00
2009-04-28,0.00
2009-04-30,0.00
2009-05-02,0.00
2009-05-04,0.00
2009-05-06,0.00
2009-05-08,0.00
2009-05-10,0.00
2009-05-12,0.00
2009-05-14,0.00
2009-05-16,0.00
2009-05-18,0.00
2009-05-20,0.00
2009-05-22,0.00
2009-05-24,0.00
2009-05-26,0.00
2009-05-28,0.00
2009-05-30,0.00
2009-06-01,0.00
2009-06-03,0.00
2009-06-05,0.00
2009-06-07,0.00
2009-06-09,0.00
2009-06-11,0.00
2009-06-13,0.00
2009-06-15,0.00
2009-06-17,0.00
2009-06-19,0.00
2009-06-21,0.00
2009-06-23,0.00
2009-06-25,0.00
2009-06-27,0.00
2009-06-29,0.00
2009-07-01,0.00
2009-07-03,0.00
2009-07-05,0.00
2009-07-07,0.00
2009-07-09,0.00
2009-07-11,0.00
2009-07-13,0.00
2009-07-15,0.00
2009-07-17,0.00
2009-07-19,0.00
2009-07-21,0.00
2009-07-23,0.00
2009-07-25,0.00
2009-07-27,0.00
2009-07-29,0.00
2009-07-31,0.00
2009-08-02,0.00
2009-08-04,0.00
2009-08-06,0.00
2009-08-08,0.00
2009-08-10,0.00
2009-08-12,0.00
2009-08-14,0.00
2009-08-16,0.00
2009-08-18,0.00
2009-08-20,0.00
2009-08-22,0.00
2009-08-24,0.00
2009-08-26,0.00
2009-08-28,0.00
2009-08-30,0.00
2009-09-01,0.00
2009-09-03,0.00
2009-09-05,0.00
2009-09-07,0.00
2009-09-09,0.00
2009-09-11,0.00
2009-09-13,0.00
2009-09-15,0.00
2009-09-17,0.00
2009-09-19,0.00
2009-09-21,0.00
2009-09-23,0.00
2009-09-25,0.00
2009-09-27,0.00
2009-09-29,0.00
2009-10-01,0.00
2009-10-03,0.00
2009-10-05,0.00
2009-10-07,0.00
2009-10-09,0.00
2009-10-11,0.00
2009-10-13,0.00
2009-10-15,0.00
2009-10-17,0.00
2009-10-19,0.00
2009-10-21,0.00
2009-10-23,0.00
2009-10-25,0.00
2009-10-27,0.00
2009-10-29,0.00
2009-10-31,0.00
2009-11-02,0.00
2009-11-04,0.00
2009-11-06,0.00
2009-11-08,0.00
2009-11-10,0.00
2009-11-12,0.00
2009-11-14,0.00
2009-11-16,0.00
2009-11-18,0.00
2009-11-20,0.00
2009-11-22,0.00
2009-11-24,0.00
2009-11-26,0.00
2009-11-28,0.00
2009-11-30,0.00
2009-12-02,0.00
2009-12-04,0.00
2009-12-06,0.00
2009-12-08,0.00
2009-12-10,0.00
2009-12-12,0.00
2009-12-14,0.00
2009-12-16,0.00
2009-12-18,0.00
2009-12-20,0.00
2009-12-22,0.00
2009-12-24,0.00
2009-12-26,0.00
2009-12-28,0.00
2009-12-30,0.00
2010-01-01,0.00
2010-01-03,0.00
2010-01-05,0.00
2010-01-07,0.00
2010-01-09,0.00
2010-01-11,0.00
2010-01-13,0.00
2010-01-15,0.00
2010-01-17,0.00
2010-01-19,0.00
2010-01-21,0.00
2010-01-23,0.00
2010-01-25,0.00
2010-01-27,0.00
2010-01-29,0.00
2010-01-31,0.00
2010-02-02,0.00
2010-02-04,0.00
2010-02-06,0.00
2010-02-08,0.00
2010-02-10,0.00
2010-02-12,0.00
2010-02-14,0.00
2010-02-16,0.00
2010-02-18,0.00
2010-02-20,0.00
2010-02-22,0.00
2010-02-24,0.00
2010-02-26,0.00
2010-02-28,0.00
2010-03-02,0.00
2010-03-04,0.00
2010-03-06,0.00
2010-03-08,0.00
2010-03-10,0.00
2010-03-12,0.00
2010-03-14,0.00
2010-03-16,0.00
2010-03-18,0.00
2010-03-20,0.00
2010-03-22,0.00
2010-03-24,0.00
2010-03-26,0.00
2010-03-28,0.00
2010-03-30,0.00
2010-04-01,0.00
2010-04-03,0.00
2010-04-05,0.00
2010-04-07,0.00
2010-04-09,0.00
2010-04-11,0.00
2010-04-13,0.00
2010-04-15,0.00
2010-04-17,0.00
2010-04-19,0.00
2010-04-21,0.00
2010-04-23,0.00
2010-04-25,0.00
2010-04-27,0.00
2010-04-29,0.00
2010-05-01,0.00
2010-05-03,0.00
2010-05-05,0.00
2010-05-07,0.00
2010-05-09,0.00
2010-05-11,0.00
2010-05-13,0.00
2010-05-15,0.00
2010-05-17,0.00
2010-05-19,0.00
2010-05-21,0.00
2010-05-23,0.00
2010-05-25,0.00
2010-05-27,0.00
2010-05-29,0.00
2010-05-31,0.00
2010-06-02,0.00
2010-06-04,0.00
2010-06-06,0.00
2010-06-08,0.00
2010-06-10,0.00
2010-06-12,0.00
2010-06-14,0.00
2010-06-16,0.00
2010-06-18,0.00
2010-06-20,0.00
2010-06-22,0.00
2010-06-24,0.00
2010-06-26,0.00
2010-06-28,0.00
2010-06-30,0.00
2010-07-02,0.00
2010-07-04,0.00
2010-07-06,0.00
2010-07-08,0.00
2010-07-10,0.00
2010-07-12,0.00
2010-07-14,0.00
2010-07-16,0.00
2010-07-18,0.26
2010-07-20,0.28
2010-07-22,0.30
2010-07-24,0.32
2010-07-26,0.34
2010-07-28,0.36
2010-07-30,0.38
2010-08-01,0.40
2010-08-03,0.42
2010-08-05,0.44
2010-08-07,0.46
2010-08-09,0.48
2010-08-11,0.50
2010-08-13,0.52
2010-08-15,0.54
2010-08-17,0.06
2010-08-19,0.08
2010-08-21,0.10
2010-08-23,0.12
2010-08-25,0.14
2010-08-27,0.16
2010-08-29,0.18
2010-08-31,0.20
2010-09-02,0.22
2010-09-04,0.24
2010-09-06,0.26
2010-09-08,0.28
2010-09-10,0.30
2010-09-12,0.32
2010-09-14,0.34
2010-09-16,0.36
2010-09-18,0.38
2010-09-20,0.40
2010-09-22,0.42
2010-09-24,0.44
2010-09-26,0.46
2010-09-28,0.48
2010-09-30,0.50
2010-10-02,0.52
2010-10-04,0.54
2010-10-06,0.06
2010-10-08,0.08
2010-10-10,0.10
2010-10-12,0.12
2010-10-14,0.14
2010-10-16,0.16
2010-10-18,0.18
2010-10-20,0.20
2010-10-22,0.22
2010-10-24,0.24
2010-10-26,0.26
2010-10-28,0.28
2010-10-30,0.30
2010-11-01,0.32
2010-11-03,0.34
2010-11-05,0.36
2010-11-07,0.38
2010-11-09,0.40
2010-11-11,0.42
2010-11-13,0.44
2010-11-15,0.46
2010-11-17,0.48
2010-11-19,0.50
2010-11-21,0.52
2010-11-23,0.54
2010-11-25,0.06
2010-11-27,0.08
2010-11-29,0.10
2010-12-01,0.12
2010-12-03,0.14
2010-12-05,0.16
2010-12-07,0.18
2010-12-09,0.20
2010-12-11,0.22
2010-12-13,0.24
2010-12-15,0.26
2010-12-17,0.28
2010-12-19,0.30
2010-12-21,0.32
2010-12-23,0.34
2010-12-25,0.36
2010-12-27,0.38
2010-12-29,0.40
2010-12-31,0.42
2011-01-02,7.25
2011-01-04,7.35
2011-01-06,7.45
2011-01-08,7.55
2011-01-10,7.65
2011-01-12,7.75
2011-01-14,7.85
2011-01-16,7.95
2011-01-18,8.05
2011-01-20,8.15
2011-01-22,8.25
2011-01-24,8.35
2011-01-26,8.45
2011-01-28,8.55
2011-01-30,8.65
2011-02-01,8.75
2011-02-03,8.85
2011-02-05,8.95
2011-02-07,9.05
2011-02-09,9.15
2011-02-11,9.25
2011-02-13,9.35
2011-02-15,9.45
2011-02-17,9.55
2011-02-19,9.65
2011-02-21,9.75
2011-02-23,9.85
2011-02-25,9.95
2011-02-27,10.05
2011-03-01,10.15
2011-03-03,10.25
2011-03-05,0.35
2011-03-07,0.45
2011-03-09,0.55
2011-03-11,0.65
2011-03-13,0.75
2011-03-15,0.85
2011-03-17,0.95
2011-03-19,1.05
2011-03-21,1.15
2011-03-23,1.25
2011-03-25,1.35
2011-03-27,1.45
2011-03-29,1.55
2011-03-31,1.65
2011-04-02,1.75
2011-04-04,1.85
2011-04-06,1.95
2011-04-08,2.05
2011-04-10,2.15
2011-04-12,2.25
2011-04-14,2.35
2011-04-16,2.45
2011-04-18,2.55
2011-04-20,2.65
2011-04-22,2.75
2011-04-24,2.85
2011-04-26,2.95
2011-04-28,3.05
2011-04-30,3.15
2011-05-02,3.25
2011-05-04,3.35
2011-05-06,3.45
2011-05-08,3.55
2011-05-10,3.65
2011-05-12,3.75
2011-05-14,3.85
2011-05-16,3.95
2011-05-18,4.05
2011-05-20,4.15
2011-05-22,4.25
2011-05-24,4.35
2011-05-26,4.45
2011-05-28,4.55
2011-05-30,4.65
2011-06-01,4.75
2011-06-03,4.85
2011-06-05,4.95
2011-06-07,5.05
2011-06-09,5.15
2011-06-11,5.25
2011-06-13,5.35
2011-06-15,5.45
2011-06-17,5.55
2011-06-19,5.65
2011-06-21,5.75
2011-06-23,5.85
2011-06-25,5.95
2011-06-27,6.05
2011-06-29,6.15
2011-07-01,6.25
2011-07-03,6.35
2011-07-05,6.45
2011-07-07,6.55
2011-07-09,6.65
2011-07-11,6.75
2011-07-13,6.85
2011-07-15,6.95
2011-07-17,7.05
2011-07-19,7.15
2011-07-21,7.25
2011-07-23,7.35
2011-07-25,7.45
2011-07-27,7.55
2011-07-29,7.65
2011-07-31,7.75
2011-08-02,7.85
2011-08-04,7.95
2011-08-06,8.05
2011-08-08,8.15
2011-08-10,8.25
2011-08-12,8.35
2011-08-14,8.45
2011-08-16,8.55
2011-08-18,8.65
2011-08-20,8.75
2011-08-22,8.85
2011-08-24,8.95
2011-08-26,9.05
2011-08-28,9.15
2011-08-30,9.25
2011-09-01,9.35
2011-09-03,9.45
2011-09-05,9.55
2011-09-07,9.65
2011-09-09,9.75
2011-09-11,9.85
2011-09-13,9.95
2011-09-15,10.05
2011-09-17,10.15
2011-09-19,10.25
2011-09-21,0.35
2011-09-23,0.45
2011-09-25,0.55
2011-09-27,0.65
2011-09-29,0.75
2011-10-01,0.85
2011-10-03,0.95
2011-10-05,1.05
2011-10-07,1.15
2011-10-09,1.25
2011-10-11,1.35
2011-10-13,1.45
2011-10-15,1.55
2011-10-17,1.65
2011-10-19,1.75
2011-10-21,1.85
2011-10-23,1.95
2011-10-25,2.05
2011-10-27,2.15
2011-10-29,2.25
2011-10-31,2.35
2011-11-02,2.45
2011-11-04,2.55
2011-11-06,2.65
2011-11-08,2.75
2011-11-10,2.85
2011-11-12,2.95
2011-11-14,3.05
2011-11-16,3.15
2011-11-18,3.25
2011-11-20,3.35
2011-11-22,3.45
2011-11-24,3.55
2011-11-26,3.65
2011-11-28,3.75
2011-11-30,3.85
2011-12-02,3.95
2011-12-04,4.05
2011-12-06,4.15
2011-12-08,4.25
2011-12-10,4.35
2011-12-12,4.45
2011-12-14,4.55
2011-12-16,4.65
2011-12-18,4.75
2011-12-20,4.85
2011-12-22,4.95
2011-12-24,5.05
2011-12-26,5.15
2011-12-28,5.25
2011-12-30,5.35
2012-01-01,5.45
2012-01-03,5.55
2012-01-05,5.65
2012-01-07,5.75
2012-01-09,5.85
2012-01-11,5.95
2012-01-13,6.05
2012-01-15,6.15
2012-01-17,6.25
2012-01-19,6.35
2012-01-21,6.45
2012-01-23,6.55
2012-01-25,6.65
2012-01-27,6.75
2012-01-29,6.85
2012-01-31,6.95
2012-02-02,7.05
2012-02-04,7.15
2012-02-06,7.25
2012-02-08,7.35
2012-02-10,7.45
2012-02-12,7.55
2012-02-14,7.65
2012-02-16,7.75
2012-02-18,7.85
2012-02-20,7.95
2012-02-22,8.05
2012-02-24,8.15
2012-02-26,8.25
2012-02-28,8.35
2012-03-01,8.45
2012-03-03,8.55
2012-03-05,8.65
2012-03-07,8.75
2012-03-09,8.85
2012-03-11,8.95
2012-03-13,9.05
2012-03-15,9.15
2012-03-17,9.25
2012-03-19,9.35
2012-03-21,9.45
2012-03-23,9.55
2012-03-25,9.65
2012-03-27,9.75
2012-03-29,9.85
2012-03-31,9.95
2012-04-02,10.05
2012-04-04,10.15
2012-04-06,10.25
2012-04-08,0.35
2012-04-10,0.45
2012-04-12,0.55
2012-04-14,0.65
2012-04-16,0.75
2012-04-18,0.85
2012-04-20,0.95
2012-04-22,1.05
2012-04-24,1.15
2012-04-26,1.25
2012-04-28,1.35
2012-04-30,1.45
2012-05-02,1.55
2012-05-04,1.65
2012-05-06,1.75
2012-05-08,1.85
2012-05-10,1.95
2012-05-12,2.05
2012-05-14,2.15
2012-05-16,2.25
2012-05-18,2.35
2012-05-20,2.45
2012-05-22,2.55
2012-05-24,2.65
2012-05-26,2.75
2012-05-28,2.85
2012-05-30,2.95
2012-06-01,3.05
2012-06-03,3.15
2012-06-05,3.25
2012-06-07,3.35
2012-06-09,3.45
2012-06-11,3.55
2012-06-13,3.65
2012-06-15,3.75
2012-06-17,3.85
2012-06-19,3.95
2012-06-21,4.05
2012-06-23,4.15
2012-06-25,4.25
2012-06-27,4.35
2012-06-29,4.45
2012-07-01,4.55
2012-07-03,4.65
2012-07-05,4.75
2012-07-07,4.85
2012-07-09,4.95
2012-07-11,5.05
2012-07-13,5.15
2012-07-15,5.25
2012-07-17,5.35
2012-07-19,5.45
2012-07-21,5.55
2012-07-23,5.65
2012-07-25,5.75
2012-07-27,5.85
2012-07-29,5.95
2012-07-31,6.05
2012-08-02,6.15
2012-08-04,6.25
2012-08-06,6.35
2012-08-08,6.45
2012-08-10,6.55
2012-08-12,6.65
2012-08-14,6.75
2012-08-16,6.85
2012-08-18,6.95
2012-08-20,7.05
2012-08-22,7.15
2012-08-24,7.25
2012-08-26,7.35
2012-08-28,7.45
2012-08-30,7.55
2012-09-01,7.65
2012-09-03,7.75
2012-09-05,7.85
2012-09-07,7.95
2012-09-09,8.05
2012-09-11,8.15
2012-09-13,8.25
2012-09-15,8.35
2012-09-17,8.45
2012-09-19,8.55
2012-09-21,8.65
2012-09-23,8.75
2012-09-25,8.85
2012-09-27,8.95
2012-09-29,9.05
2012-10-01,9.15
2012-10-03,9.25
2012-10-05,9.35
2012-10-07,9.45
2012-10-09,9.55
2012-10-11,9.65
2012-10-13,9.75
2012-10-15,9.85
2012-10-17,9.95
2012-10-19,10.05
2012-10-21,10.15
2012-10-23,10.25
2012-10-25,0.35
2012-10-27,0.45
2012-10-29,0.55
2012-10-31,0.65
2012-11-02,0.75
2012-11-04,0.85
2012-11-06,0.95
2012-11-08,1.05
2012-11-10,1.15
2012-11-12,1.25
2012-11-14,1.35
2012-11-16,1.45
2012-11-18,1.55
2012-11-20,1.65
2012-11-22,1.75
2012-11-24,1.85
2012-11-26,1.95
2012-11-28,2.05
2012-11-30,2.15
2012-12-02,2.25
2012-12-04,2.35
2012-12-06,2.45
2012-12-08,2.55
2012-12-10,2.65
2012-12-12,2.75
2012-12-14,2.85
2012-12-16,2.95
2012-12-18,3.05
2012-12-20,3.15
2012-12-22,3.25
2012-12-24,3.35
2012-12-26,3.45
2012-12-28,3.55
2012-12-30,3.65
2013-01-01,569.00
2013-01-03,571.00
2013-01-05,573.00
2013-01-07,575.00
2013-01-09,577.00
2013-01-11,579.00
2013-01-13,581.00
2013-01-15,583.00
2013-01-17,585.00
2013-01-19,587.00
2013-01-21,589.00
2013-01-23,591.00
2013-01-25,593.00
2013-01-27,595.00
2013-01-29,597.00
2013-01-31,599.00
2013-02-02,601.00
2013-02-04,603.00
2013-02-06,605.00
2013-02-08,607.00
2013-02-10,609.00
2013-02-12,611.00
2013-02-14,613.00
2013-02-16,615.00
2013-02-18,617.00
2013-02-20,619.00
2013-02-22,621.00
2013-02-24,623.00
2013-02-26,625.00
2013-02-28,627.00
2013-03-02,629.00
2013-03-04,631.00
2013-03-06,633.00
2013-03-08,635.00
2013-03-10,637.00
2013-03-12,639.00
2013-03-14,641.00
2013-03-16,643.00
2013-03-18,645.00
2013-03-20,647.00
2013-03-22,649.00
2013-03-24,651.00
2013-03-26,653.00
2013-03-28,655.00
2013-03-30,657.00
2013-04-01,659.00
2013-04-03,661.00
2013-04-05,663.00
2013-04-07,665.00
2013-04-09,667.00
2013-04-11,669.00
2013-04-13,671.00
2013-04-15,673.00
2013-04-17,675.00
2013-04-19,677.00
2013-04-21,679.00
2013-04-23,681.00
2013-04-25,683.00
2013-04-27,685.00
2013-04-29,687.00
2013-05-01,689.00
2013-05-03,691.00
2013-05-05,693.00
2013-05-07,695.00
2013-05-09,697.00
2013-05-11,699.00
2013-05-13,701.00
2013-05-15,703.00
2013-05-17,705.00
2013-05-19,707.00
2013-05-21,709.00
2013-05-23,711.00
2013-05-25,713.00
2013-05-27,715.00
2013-05-29,717.00
2013-05-31,719.00
2013-06-02,721.00
2013-06-04,723.00
2013-06-06,725.00
2013-06-08,727.00
2013-06-10,729.00
2013-06-12,731.00
2013-06-14,733.00
2013-06-16,735.00
2013-06-18,737.00
2013-06-20,739.00
2013-06-22,741.00
2013-06-24,743.00
2013-06-26,745.00
2013-06-28,747.00
2013-06-30,749.00
2013-07-02,751.00
2013-07-04,753.00
2013-07-06,755.00
2013-07-08,757.00
2013-07-10,759.00
2013-07-12,761.00
2013-07-14,763.00
2013-07-16,765.00
2013-07-18,767.00
2013-07-20,769.00
2013-07-22,771.00
2013-07-24,773.00
2013-07-26,775.00
2013-07-28,777.00
2013-07-30,779.00
2013-08-01,781.00
2013-08-03,783.00
2013-08-05,785.00
2013-08-07,787.00
2013-08-09,789.00
2013-08-11,791.00
2013-08-13,793.00
2013-08-15,795.00
2013-08-17,797.00
2013-08-19,799.00
2013-08-21,801.00
2013-08-23,803.00
2013-08-25,805.00
2013-08-27,807.00
2013-08-29,809.00
2013-08-31,811.00
2013-09-02,813.00
2013-09-04,815.00
2013-09-06,817.00
2013-09-08,819.00
2013-09-10,821.00
2013-09-12,823.00
2013-09-14,825.00
2013-09-16,827.00
2013-09-18,829.00
2013-09-20,831.00
2013-09-22,833.00
2013-09-24,835.00
2013-09-26,837.00
2013-09-28,839.00
2013-09-30,841.00
2013-10-02,843.00
2013-10-04,845.00
2013-10-06,847.00
2013-10-08,849.00
2013-10-10,851.00
2013-10-12,853.00
2013-10-14,855.00
2013-10-16,857.00
2013-10-18,859.00
2013-10-20,861.00
2013-10-22,863.00
2013-10-24,865.00
2013-10-26,867.00
2013-10-28,869.00
2013-10-30,871.00
2013-11-01,873.00
2013-11-03,875.00
2013-11-05,877.00
2013-11-07,879.00
2013-11-09,881.00
2013-11-11,883.00
2013-11-13,885.00
2013-11-15,887.00
2013-11-17,889.00
2013-11-19,891.00
2013-11-21,893.00
2013-11-23,895.00
2013-11-25,897.00
2013-11-27,899.00
2013-11-29,101.00
2013-12-01,103.00
2013-12-03,105.00
2013-12-05,107.00
2013-12-07,109.00
2013-12-09,111.00
2013-12-11,113.00
2013-12-13,115.00
2013-12-15,117.00
2013-12-17,119.00
2013-12-19,121.00
2013-12-21,123.00
2013-12-23,125.00
2013-12-25,127.00
2013-12-27,129.00
2013-12-29,131.00
2013-12-31,133.00
2014-01-02,135.00
2014-01-04,137.00
2014-01-06,139.00
2014-01-08,141.00
2014-01-10,143.00
2014-01-12,145.00
2014-01-14,147.00
2014-01-16,149.00
2014-01-18,151.00
2014-01-20,153.00
2014-01-22,155.00
2014-01-24,157.00
2014-01-26,159.00
2014-01-28,161.00
2014-01-30,163.00
2014-02-01,165.00
2014-02-03,167.00
2014-02-05,169.00
2014-02-07,171.00
2014-02-09,173.00
2014-02-11,175.00
2014-02-13,177.00
2014-02-15,179.00
2014-02-17,181.00
2014-02-19,183.00
2014-02-21,185.00
2014-02-23,187.00
2014-02-25,189.00
2014-02-27,191.00
2014-03-01,193.00
2014-03-03,195.00
2014-03-05,197.00
2014-03-07,199.00
2014-03-09,201.00
2014-03-11,203.00
2014-03-13,205.00
2014-03-15,207.00
2014-03-17,209.00
2014-03-19,211.00
2014-03-21,213.00
2014-03-23,215.00
2014-03-25,217.00
2014-03-27,219.00
2014-03-29,221.00
2014-03-31,223.00
2014-04-02,225.00
2014-04-04,227.00
2014-04-06,229.00
2014-04-08,231.00
2014-04-10,233.00
2014-04-12,235.00
2014-04-14,237.00
2014-04-16,239.00
2014-04-18,241.00
2014-04-20,243.00
2014-04-22,245.00
2014-04-24,247.00
2014-04-26,249.00
2014-04-28,251.00
2014-04-30,253.00
2014-05-02,255.00
2014-05-04,257.00
2014-05-06,259.00
2014-05-08,261.00
2014-05-10,263.00
2014-05-12,265.00
2014-05-14,267.00
2014-05-16,269.00
2014-05-18,271.00
2014-05-20,273.00
2014-05-22,275.00
2014-05-24,277.00
2014-05-26,279.00
2014-05-28,281.00
2014-05-30,283.00
2014-06-01,285.00
2014-06-03,287.00
2014-06-05,289.00
2014-06-07,291.00
2014-06-09,293.00
2014-06-11,295.00
2014-06-13,297.00
2014-06-15,299.00
2014-06-17,301.00
2014-06-19,303.00
2014-06-21,305.00
2014-06-23,307.00
2014-06-25,309.00
2014-06-27,311.00
2014-06-29,313.00
2014-07-01,315.00
2014-07-03,317.00
2014-07-05,319.00
2014-07-07,321.00
2014-07-09,323.00
2014-07-11,325.00
2014-07-13,327.00
2014-07-15,329.00
2014-07-17,331.00
2014-07-19,333.00
2014-07-21,335.00
2014-07-23,337.00
2014-07-25,339.00
2014-07-27,341.00
2014-07-29,343.00
2014-07-31,345.00
2014-08-02,347.00
2014-08-04,349.00
2014-08-06,351.00
2014-08-08,353.00
2014-08-10,355.00
2014-08-12,357.00
2014-08-14,359.00
2014-08-16,361.00
2014-08-18,363.00
2014-08-20,365.00
2014-08-22,367.00
2014-08-24,369.00
2014-08-26,371.00
2014-08-28,373.00
2014-08-30,375.00
2014-09-01,377.00
2014-09-03,379.00
2014-09-05,381.00
2014-09-07,383.00
2014-09-09,385.00
2014-09-11,387.00
2014-09-13,389.00
2014-09-15,391.00
2014-09-17,393.00
2014-09-19,395.00
2014-09-21,397.00
2014-09-23,399.00
2014-09-25,401.00
2014-09-27,403.00
2014-09-29,405.00
2014-10-01,407.00
2014-10-03,409.00
2014-10-05,411.00
2014-10-07,413.00
2014-10-09,415.00
2014-10-11,417.00
2014-10-13,419.00
2014-10-15,421.00
2014-10-17,423.00
2014-10-19,425.00
2014-10-21,427.00
2014-10-23,429.00
2014-10-25,431.00
2014-10-27,433.00
2014-10-29,435.00
2014-10-31,437.00
2014-11-02,439.00
2014-11-04,441.00
2014-11-06,443.00
2014-11-08,445.00
2014-11-10,447.00
2014-11-12,449.00
2014-11-14,451.00
2014-11-16,453.00
2014-11-18,455.00
2014-11-20,457.00
2014-11-22,459.00
2014-11-24,461.00
2014-11-26,463.00
2014-11-28,465.00
2014-11-30,467.00
2014-12-02,469.00
2014-12-04,471.00
2014-12-06,473.00
2014-12-08,475.00
2014-12-10,477.00
2014-12-12,479.00
2014-12-14,481.00
2014-12-16,483.00
2014-12-18,485.00
2014-12-20,487.00
2014-12-22,489.00
2014-12-24,491.00
2014-12-26,493.00
2014-12-28,495.00
2014-12-30,497.00
2015-01-01,499.00
2015-01-03,501.00
2015-01-05,503.00
2015-01-07,505.00
2015-01-09,507.00
2015-01-11,509.00
2015-01-13,511.00
2015-01-15,513.00
2015-01-17,515.00
2015-01-19,517.00
2015-01-21,519.00
2015-01-23,521.00
2015-01-25,523.00
2015-01-27,525.00
2015-01-29,527.00
2015-01-31,529.00
2015-02-02,531.00
2015-02-04,533.00
2015-02-06,535.00
2015-02-08,537.00
2015-02-10,539.00
2015-02-12,541.00
2015-02-14,543.00
2015-02-16,545.00
2015-02-18,547.00
2015-02-20,549.00
2015-02-22,551.00
2015-02-24,553.00
2015-02-26,555.00
2015-02-28,557.00
2015-03-02,559.00
2015-03-04,561.00
2015-03-06,563.00
2015-03-08,565.00
2015-03-10,567.00
2015-03-12,569.00
2015-03-14,571.00
2015-03-16,573.00
2015-03-18,575.00
2015-03-20,577.00
2015-03-22,579.00
2015-03-24,581.00
2015-03-26,583.00
2015-03-28,585.00
2015-03-30,587.00
2015-04-01,589.00
2015-04-03,591.00
2015-04-05,593.00
2015-04-07,595.00
2015-04-09,597.00
2015-04-11,599.00
2015-04-13,601.00
2015-04-15,603.00
2015-04-17,605.00
2015-04-19,607.00
2015-04-21,609.00
2015-04-23,611.00
2015-04-25,613.00
2015-04-27,615.00
2015-04-29,617.00
2015-05-01,619.00
2015-05-03,621.00
2015-05-05,623.00
2015-05-07,625.00
2015-05-09,627.00
2015-05-11,629.00
2015-05-13,631.00
2015-05-15,633.00
2015-05-17,635.00
2015-05-19,637.00
2015-05-21,639.00
2015-05-23,641.00
2015-05-25,643.00
2015-05-27,645.00
2015-05-29,647.00
2015-05-31,649.00
2015-06-02,651.00
2015-06-04,653.00
2015-06-06,655.00
2015-06-08,657.00
2015-06-10,659.00
2015-06-12,661.00
2015-06-14,663.00
2015-06-16,665.00
2015-06-18,667.00
2015-06-20,669.00
2015-06-22,671.00
2015-06-24,673.00
2015-06-26,675.00
2015-06-28,677.00
2015-06-30,679.00
2015-07-02,681.00
2015-07-04,683.00
2015-07-06,685.00
2015-07-08,687.00
2015-07-10,689.00
2015-07-12,691.00
2015-07-14,693.00
2015-07-16,695.00
2015-07-18,697.00
2015-07-20,699.00
2015-07-22,701.00
2015-07-24,703.00
2015-07-26,705.00
2015-07-28,707.00
2015-07-30,709.00
2015-08-01,711.00
2015-08-03,713.00
2015-08-05,715.00
2015-08-07,717.00
2015-08-09,719.00
2015-08-11,721.00
2015-08-13,723.00
2015-08-15,725.00
2015-08-17,727.00
2015-08-19,729.00
2015-08-21,731.00
2015-08-23,733.00
2015-08-25,735.00
2015-08-27,737.00
2015-08-29,739.00
2015-08-31,741.00
2015-09-02,743.00
2015-09-04,745.00
2015-09-06,747.00
2015-09-08,749.00
2015-09-10,751.00
2015-09-12,753.00
2015-09-14,755.00
2015-09-16,757.00
2015-09-18,759.00
2015-09-20,761.00
2015-09-22,763.00
2015-09-24,765.00
2015-09-26,767.00
2015-09-28,769.00
2015-09-30,771.00
2015-10-02,773.00
2015-10-04,775.00
2015-10-06,777.00
2015-10-08,779.00
2015-10-10,781.00
2015-10-12,783.00
2015-10-14,785.00
2015-10-16,787.00
2015-10-18,789.00
2015-10-20,791.00
2015-10-22,793.00
2015-10-24,795.00
2015-10-26,797.00
2015-10-28,799.00
2015-10-30,801.00
2015-11-01,803.00
2015-11-03,805.00
2015-11-05,807.00
2015-11-07,809.00
2015-11-09,811.00
2015-11-11,813.00
2015-11-13,815.00
2015-11-15,817.00
2015-11-17,819.00
2015-11-19,821.00
2015-11-21,823.00
2015-11-23,825.00
2015-11-25,827.00
2015-11-27,829.00
2015-11-29,831.00
2015-12-01,833.00
2015-12-03,835.00
2015-12-05,837.00
2015-12-07,839.00
2015-12-09,841.00
2015-12-11,843.00
2015-12-13,845.00
2015-12-15,847.00
2015-12-17,849.00
2015-12-19,851.00
2015-12-21,853.00
2015-12-23,855.00
2015-12-25,857.00
2015-12-27,859.00
2015-12-29,861.00
2015-12-31,863.00
2016-01-02,865.00
2016-01-04,867.00
2016-01-06,869.00
2016-01-08,871.00
2016-01-10,873.00
2016-01-12,875.00
2016-01-14,877.00
2016-01-16,879.00
2016-01-18,881.00
2016-01-20,883.00
2016-01-22,885.00
2016-01-24,887.00
2016-01-26,889.00
2016-01-28,891.00
2016-01-30,893.00
2016-02-01,895.00
2016-02-03,897.00
2016-02-05,899.00
2016-02-07,101.00
2016-02-09,103.00
2016-02-11,105.00
2016-02-13,107.00
2016-02-15,109.00
2016-02-17,111.00
2016-02-19,113.00
2016-02-21,115.00
2016-02-23,117.00
2016-02-25,119.00
2016-02-27,121.00
2016-02-29,123.00
2016-03-02,125.00
2016-03-04,127.00
2016-03-06,129.00
2016-03-08,131.00
2016-03-10,133.00
2016-03-12,135.00
2016-03-14,137.00
2016-03-16,139.00
2016-03-18,141.00
2016-03-20,143.00
2016-03-22,145.00
2016-03-24,147.00
2016-03-26,149.00
2016-03-28,151.00
2016-03-30,153.00
2016-04-01,155.00
2016-04-03,157.00
2016-04-05,159.00
2016-04-07,161.00
2016-04-09,163.00
2016-04-11,165.00
2016-04-13,167.00
2016-04-15,169.00
2016-04-17,171.00
2016-04-19,173.00
2016-04-21,175.00
2016-04-23,177.00
2016-04-25,179.00
2016-04-27,181.00
2016-04-29,183.00
2016-05-01,185.00
2016-05-03,187.00
2016-05-05,189.00
2016-05-07,191.00
2016-05-09,193.00
2016-05-11,195.00
2016-05-13,197.00
2016-05-15,199.00
2016-05-17,201.00
2016-05-19,203.00
2016-05-21,205.00
2016-05-23,207.00
2016-05-25,209.00
2016-05-27,211.00
2016-05-29,213.00
2016-05-31,215.00
2016-06-02,217.00
2016-06-04,219.00
2016-06-06,221.00
2016-06-08,223.00
2016-06-10,225.00
2016-06-12,227.00
2016-06-14,229.00
2016-06-16,231.00
2016-06-18,233.00
2016-06-20,235.00
2016-06-22,237.00
2016-06-24,239.00
2016-06-26,241.00
2016-06-28,243.00
2016-06-30,245.00
2016-07-02,247.00
2016-07-04,249.00
2016-07-06,251.00
2016-07-08,253.00
2016-07-10,255.00
2016-07-12,257.00
2016-07-14,259.00
2016-07-16,261.00
2016-07-18,263.00
2016-07-20,265.00
2016-07-22,267.00
2016-07-24,269.00
2016-07-26,271.00
2016-07-28,273.00
2016-07-30,275.00
2016-08-01,277.00
2016-08-03,279.00
2016-08-05,281.00
2016-08-07,283.00
2016-08-09,285.00
2016-08-11,287.00
2016-08-13,289.00
2016-08-15,291.00
2016-08-17,293.00
2016-08-19,295.00
2016-08-21,297.00
2016-08-23,299.00
2016-08-25,301.00
2016-08-27,303.00
2016-08-29,305.00
2016-08-31,307.00
2016-09-02,309.00
2016-09-04,311.00
2016-09-06,313.00
2016-09-08,315.00
2016-09-10,317.00
2016-09-12,319.00
2016-09-14,321.00
2016-09-16,323.00
2016-09-18,325.00
2016-09-20,327.00
2016-09-22,329.00
2016-09-24,331.00
2016-09-26,333.00
2016-09-28,335.00
2016-09-30,337.00
2016-10-02,339.00
2016-10-04,341.00
2016-10-06,343.00
2016-10-08,345.00
2016-10-10,347.00
2016-10-12,349.00
2016-10-14,351.00
2016-10-16,353.00
2016-10-18,355.00
2016-10-20,357.00
2016-10-22,359.00
2016-10-24,361.00
2016-10-26,363.00
2016-10-28,365.00
2016-10-30,367.00
2016-11-01,369.00
2016-11-03,371.00
2016-11-05,373.00
2016-11-07,375.00
2016-11-09,377.00
2016-11-11,379.00
2016-11-13,381.00
2016-11-15,383.00
2016-11-17,385.00
2016-11-19,387.00
2016-11-21,389.00
2016-11-23,391.00
2016-11-25,393.00
2016-11-27,395.00
2016-11-29,397.00
2016-12-01,399.00
2016-12-03,401.00
2016-12-05,403.00
2016-12-07,405.00
2016-12-09,407.00
2016-12-11,409.00
2016-12-13,411.00
2016-12-15,413.00
2016-12-17,415.00
2016-12-19,417.00
2016-12-21,419.00
2016-12-23,421.00
2016-12-25,423.00
2016-12-27,425.00
2016-12-29,427.00
2016-12-31,429.00
2017-01-02,17331.00
2017-01-04,17333.00
2017-01-06,17335.00
2017-01-08,17337.00
2017-01-10,17339.00
2017-01-12,17341.00
2017-01-14,17343.00
2017-01-16,17345.00
2017-01-18,17347.00
2017-01-20,17349.00
2017-01-22,17351.00
2017-01-24,17353.00
2017-01-26,17355.00
2017-01-28,17357.00
2017-01-30,17359.00
2017-02-01,17361.00
2017-02-03,17363.00
2017-02-05,17365.00
2017-02-07,17367.00
2017-02-09,17369.00
2017-02-11,17371.00
2017-02-13,17373.00
2017-02-15,17375.00
2017-02-17,17377.00
2017-02-19,17379.00
2017-02-21,17381.00
2017-02-23,17383.00
2017-02-25,17385.00
2017-02-27,17387.00
2017-03-01,17389.00
2017-03-03,17391.00
2017-03-05,17393.00
2017-03-07,17395.00
2017-03-09,17397.00
2017-03-11,17399.00
2017-03-13,17401.00
2017-03-15,17403.00
2017-03-17,17405.00
2017-03-19,17407.00
2017-03-21,17409.00
2017-03-23,17411.00
2017-03-25,17413.00
2017-03-27,17415.00
2017-03-29,17417.00
2017-03-31,17419.00
2017-04-02,17421.00
2017-04-04,17423.00
2017-04-06,17425.00
2017-04-08,17427.00
2017-04-10,17429.00
2017-04-12,17431.00
2017-04-14,17433.00
2017-04-16,17435.00
2017-04-18,17437.00
2017-04-20,17439.00
2017-04-22,17441.00
2017-04-24,17443.00
2017-04-26,17445.00
2017-04-28,17447.00
2017-04-30,17449.00
2017-05-02,17451.00
2017-05-04,17453.00
2017-05-06,17455.00
2017-05-08,17457.00
2017-05-10,17459.00
2017-05-12,17461.00
2017-05-14,17463.00
2017-05-16,17465.00
2017-05-18,17467.00
2017-05-20,17469.00
2017-05-22,17471.00
2017-05-24,17473.00
2017-05-26,17475.00
2017-05-28,17477.00
2017-05-30,17479.00
2017-06-01,17481.00
2017-06-03,17483.00
2017-06-05,17485.00
2017-06-07,17487.00
2017-06-09,17489.00
2017-06-11,17491.00
2017-06-13,17493.00
2017-06-15,17495.00
2017-06-17,17497.00
2017-06-19,17499.00
2017-06-21,17501.00
2017-06-23,17503.00
2017-06-25,17505.00
2017-06-27,17507.00
2017-06-29,17509.00
2017-07-01,17511.00
2017-07-03,17513.00
2017-07-05,17515.00
2017-07-07,17517.00
2017-07-09,17519.00
2017-07-11,17521.00
2017-07-13,17523.00
2017-07-15,17525.00
2017-07-17,17527.00
2017-07-19,17529.00
2017-07-21,17531.00
2017-07-23,17533.00
2017-07-25,17535.00
2017-07-27,17537.00
2017-07-29,17539.00
2017-07-31,17541.00
2017-08-02,17543.00
2017-08-04,17545.00
2017-08-06,17547.00
2017-08-08,17549.00
2017-08-10,17551.00
2017-08-12,17553.00
2017-08-14,17555.00
2017-08-16,17557.00
2017-08-18,17559.00
2017-08-20,17561.00
2017-08-22,17563.00
2017-08-24,17565.00
2017-08-26,17567.00
2017-08-28,17569.00
2017-08-30,17571.00
2017-09-01,17573.00
2017-09-03,17575.00
2017-09-05,17577.00
2017-09-07,17579.00
2017-09-09,17581.00
2017-09-11,17583.00
2017-09-13,17585.00
2017-09-15,17587.00
2017-09-17,17589.00
2017-09-19,17591.00
2017-09-21,17593.00
2017-09-23,17595.00
2017-09-25,17597.00
2017-09-27,17599.00
2017-09-29,17601.00
2017-10-01,17603.00
2017-10-03,17605.00
2017-10-05,17607.00
2017-10-07,17609.00
2017-10-09,17611.00
2017-10-11,17613.00
2017-10-13,17615.00
2017-10-15,17617.00
2017-10-17,17619.00
2017-10-19,17621.00
2017-10-21,17623.00
2017-10-23,17625.00
2017-10-25,17627.00
2017-10-27,17629.00
2017-10-29,17631.00
2017-10-31,17633.00
2017-11-02,17635.00
2017-11-04,17637.00
2017-11-06,17639.00
2017-11-08,17641.00
2017-11-10,17643.00
2017-11-12,17645.00
2017-11-14,17647.00
2017-11-16,17649.00
2017-11-18,17651.00
2017-11-20,17653.00
2017-11-22,17655.00
2017-11-24,17657.00
2017-11-26,17659.00
2017-11-28,17661.00
2017-11-30,17663.00
2017-12-02,17665.00
2017-12-04,17667.00
2017-12-06,17669.00
2017-12-08,17671.00
2017-12-10,17673.00
2017-12-12,17675.00
2017-12-14,17677.00
2017-12-16,17679.00
2017-12-18,17681.00
2017-12-20,17683.00
2017-12-22,17685.00
2017-12-24,17687.00
2017-12-26,17689.00
2017-12-28,17691.00
2017-12-30,17693.00
2018-01-01,17695.00
2018-01-03,17697.00
2018-01-05,17699.00
2018-01-07,17701.00
2018-01-09,17703.00
2018-01-11,17705.00
2018-01-13,17707.00
2018-01-15,17709.00
2018-01-17,17711.00
2018-01-19,17713.00
2018-01-21,17715.00
2018-01-23,17717.00
2018-01-25,17719.00
2018-01-27,17721.00
2018-01-29,17723.00
2018-01-31,17725.00
2018-02-02,17727.00
2018-02-04,17729.00
2018-02-06,17731.00
2018-02-08,17733.00
2018-02-10,17735.00
2018-02-12,17737.00
2018-02-14,17739.00
2018-02-16,17741.00
2018-02-18,17743.00
2018-02-20,17745.00
2018-02-22,17747.00
2018-02-24,17749.00
2018-02-26,17751.00
2018-02-28,17753.00
2018-03-02,17755.00
2018-03-04,17757.00
2018-03-06,17759.00
2018-03-08,17761.00
2018-03-10,17763.00
2018-03-12,17765.00
2018-03-14,17767.00
2018-03-16,17769.00
2018-03-18,17771.00
2018-03-20,17773.00
2018-03-22,17775.00
2018-03-24,17777.00
2018-03-26,17779.00
2018-03-28,17781.00
2018-03-30,17783.00
2018-04-01,17785.00
2018-04-03,17787.00
2018-04-05,17789.00
2018-04-07,17791.00
2018-04-09,17793.00
2018-04-11,17795.00
2018-04-13,17797.00
2018-04-15,17799.00
2018-04-17,17801.00
2018-04-19,17803.00
2018-04-21,17805.00
2018-04-23,17807.00
2018-04-25,17809.00
2018-04-27,17811.00
2018-04-29,17813.00
2018-05-01,17815.00
2018-05-03,17817.00
2018-05-05,17819.00
2018-05-07,17821.00
2018-05-09,17823.00
2018-05-11,17825.00
2018-05-13,17827.00
2018-05-15,17829.00
2018-05-17,17831.00
2018-05-19,17833.00
2018-05-21,17835.00
2018-05-23,17837.00
2018-05-25,17839.00
2018-05-27,17841.00
2018-05-29,17843.00
2018-05-31,17845.00
2018-06-02,17847.00
2018-06-04,17849.00
2018-06-06,17851.00
2018-06-08,17853.00
2018-06-10,17855.00
2018-06-12,17857.00
2018-06-14,17859.00
2018-06-16,17861.00
2018-06-18,17863.00
2018-06-20,17865.00
2018-06-22,17867.00
2018-06-24,17869.00
2018-06-26,17871.00
2018-06-28,17873.00
2018-06-30,17875.00
2018-07-02,17877.00
2018-07-04,17879.00
2018-07-06,17881.00
2018-07-08,17883.00
2018-07-10,17885.00
2018-07-12,17887.00
2018-07-14,17889.00
2018-07-16,17891.00
2018-07-18,17893.00
2018-07-20,17895.00
2018-07-22,17897.00
2018-07-24,17899.00
2018-07-26,17901.00
2018-07-28,17903.00
2018-07-30,17905.00
2018-08-01,17907.00
2018-08-03,17909.00
2018-08-05,17911.00
2018-08-07,17913.00
2018-08-09,17915.00
2018-08-11,17917.00
2018-08-13,17919.00
2018-08-15,17921.00
2018-08-17,17923.00
2018-08-19,17925.00
2018-08-21,17927.00
2018-08-23,17929.00
2018-08-25,17931.00
2018-08-27,17933.00
2018-08-29,17935.00
2018-08-31,17937.00
2018-09-02,17939.00
2018-09-04,17941.00
2018-09-06,17943.00
2018-09-08,17945.00
2018-09-10,17947.00
2018-09-12,17949.00
2018-09-14,17951.00
2018-09-16,17953.00
2018-09-18,17955.00
2018-09-20,17957.00
2018-09-22,17959.00
2018-09-24,17961.00
2018-09-26,17963.00
2018-09-28,17965.00
2018-09-30,17967.00
2018-10-02,17969.00
2018-10-04,17971.00
2018-10-06,17973.00
2018-10-08,17975.00
2018-10-10,17977.00
2018-10-12,17979.00
2018-10-14,17981.00
2018-10-16,17983.00
2018-10-18,17985.00
2018-10-20,17987.00
2018-10-22,17989.00
2018-10-24,17991.00
2018-10-26,17993.00
2018-10-28,17995.00
2018-10-30,17997.00
2018-11-01,17999.00
2018-11-03,18001.00
2018-11-05,18003.00
2018-11-07,18005.00
2018-11-09,18007.00
2018-11-11,18009.00
2018-11-13,18011.00
2018-11-15,18013.00
2018-11-17,18015.00
2018-11-19,18017.00
2018-11-21,18019.00
2018-11-23,18021.00
2018-11-25,18023.00
2018-11-27,18025.00
2018-11-29,18027.00
2018-12-01,18029.00
2018-12-03,18031.00
2018-12-05,18033.00
2018-12-07,18035.00
2018-12-09,18037.00
2018-12-11,18039.00
2018-12-13,18041.00
2018-12-15,18043.00
2018-12-17,18045.00
2018-12-19,18047.00
2018-12-21,18049.00
2018-12-23,18051.00
2018-12-25,18053.00
2018-12-27,18055.00
2018-12-29,18057.00
2018-12-31,18059.00
2019-01-02,18061.00
2019-01-04,18063.00
2019-01-06,18065.00
2019-01-08,18067.00
2019-01-10,18069.00
2019-01-12,18071.00
2019-01-14,18073.00
2019-01-16,18075.00
2019-01-18,18077.00
2019-01-20,18079.00
2019-01-22,18081.00
2019-01-24,18083.00
2019-01-26,18085.00
2019-01-28,18087.00
2019-01-30,18089.00
2019-02-01,18091.00
2019-02-03,18093.00
2019-02-05,18095.00
2019-02-07,18097.00
2019-02-09,18099.00
2019-02-11,18101.00
2019-02-13,18103.00
2019-02-15,18105.00
2019-02-17,18107.00
2019-02-19,18109.00
2019-02-21,18111.00
2019-02-23,18113.00
2019-02-25,18115.00
2019-02-27,18117.00
2019-03-01,18119.00
2019-03-03,18121.00
2019-03-05,18123.00
2019-03-07,18125.00
2019-03-09,18127.00
2019-03-11,18129.00
2019-03-13,18131.00
2019-03-15,18133.00
2019-03-17,18135.00
2019-03-19,18137.00
2019-03-21,18139.00
2019-03-23,18141.00
2019-03-25,18143.00
2019-03-27,18145.00
2019-03-29,18147.00
2019-03-31,18149.00
2019-04-02,18151.00
2019-04-04,18153.00
2019-04-06,18155.00
2019-04-08,18157.00
2019-04-10,18159.00
2019-04-12,18161.00
2019-04-14,18163.00
2019-04-16,18165.00
2019-04-18,18167.00
2019-04-20,18169.00
2019-04-22,18171.00
2019-04-24,18173.00
2019-04-26,18175.00
2019-04-28,18177.00
2019-04-30,18179.00
2019-05-02,18181.00
2019-05-04,18183.00
2019-05-06,18185.00
2019-05-08,18187.00
2019-05-10,18189.00
2019-05-12,18191.00
2019-05-14,18193.00
2019-05-16,18195.00
2019-05-18,18197.00
2019-05-20,18199.00
2019-05-22,18201.00
2019-05-24,18203.00
2019-05-26,18205.00
2019-05-28,18207.00
2019-05-30,18209.00
2019-06-01,18211.00
2019-06-03,18213.00
2019-06-05,18215.00
2019-06-07,18217.00
2019-06-09,18219.00
2019-06-11,18221.00
2019-06-13,18223.00
2019-06-15,18225.00
2019-06-17,18227.00
2019-06-19,18229.00
2019-06-21,18231.00
2019-06-23,18233.00
2019-06-25,18235.00
2019-06-27,18237.00
2019-06-29,18239.00
2019-07-01,18241.00
2019-07-03,18243.00
2019-07-05,18245.00
2019-07-07,18247.00
2019-07-09,18249.00
2019-07-11,18251.00
2019-07-13,18253.00
2019-07-15,18255.00
2019-07-17,18257.00
2019-07-19,18259.00
2019-07-21,18261.00
2019-07-23,18263.00
2019-07-25,18265.00
2019-07-27,18267.00
2019-07-29,18269.00
2019-07-31,18271.00
2019-08-02,18273.00
2019-08-04,18275.00
2019-08-06,18277.00
2019-08-08,18279.00
2019-08-10,18281.00
2019-08-12,18283.00
2019-08-14,18285.00
2019-08-16,18287.00
2019-08-18,18289.00
2019-08-20,18291.00
2019-08-22,18293.00
2019-08-24,18295.00
2019-08-26,18297.00
2019-08-28,18299.00
2019-08-30,18301.00
2019-09-01,18303.00
2019-09-03,18305.00
2019-09-05,18307.00
2019-09-07,18309.00
2019-09-09,18311.00
2019-09-11,18313.00
2019-09-13,18315.00
2019-09-15,18317.00
2019-09-17,18319.00
2019-09-19,18321.00
2019-09-21,18323.00
2019-09-23,18325.00
2019-09-25,18327.00
2019-09-27,18329.00
2019-09-29,18331.00
2019-10-01,18333.00
2019-10-03,18335.00
2019-10-05,18337.00
2019-10-07,18339.00
2019-10-09,18341.00
2019-10-11,18343.00
2019-10-13,18345.00
2019-10-15,18347.00
2019-10-17,18349.00
2019-10-19,18351.00
2019-10-21,18353.00
2019-10-23,18355.00
2019-10-25,18357.00
2019-10-27,18359.00
2019-10-29,18361.00
2019-10-31,18363.00
2019-11-02,18365.00
2019-11-04,18367.00
2019-11-06,18369.00
2019-11-08,18371.00
2019-11-10,18373.00
2019-11-12,18375.00
2019-11-14,18377.00
2019-11-16,18379.00
2019-11-18,18381.00
2019-11-20,18383.00
2019-11-22,18385.00
2019-11-24,18387.00
2019-11-26,18389.00
2019-11-28,18391.00
2019-11-30,18393.00
2019-12-02,18395.00
2019-12-04,18397.00
2019-12-06,18399.00
2019-12-08,18401.00
2019-12-10,18403.00
2019-12-12,18405.00
2019-12-14,18407.00
2019-12-16,18409.00
2019-12-18,18411.00
2019-12-20,18413.00
2019-12-22,18415.00
2019-12-24,18417.00
2019-12-26,18419.00
2019-12-28,18421.00
2019-12-30,18423.00
2020-01-01,18425.00
2020-01-03,18427.00
2020-01-05,18429.00
2020-01-07,18431.00
2020-01-09,18433.00
2020-01-11,18435.00
2020-01-13,18437.00
2020-01-15,18439.00
2020-01-17,18441.00
2020-01-19,18443.00
2020-01-21,18445.00
2020-01-23,18447.00
2020-01-25,18449.00
2020-01-27,18451.00
2020-01-29,18453.00
2020-01-31,18455.00
2020-02-02,18457.00
2020-02-04,18459.00
2020-02-06,18461.00
2020-02-08,18463.00
2020-02-10,18465.00
2020-02-12,18467.00
2020-02-14,18469.00
2020-02-16,18471.00
2020-02-18,18473.00
2020-02-20,18475.00
2020-02-22,18477.00
2020-02-24,18479.00
2020-02-26,18481.00
2020-02-28,18483.00
2020-03-01,18485.00
2020-03-03,18487.00
2020-03-05,18489.00
2020-03-07,18491.00
2020-03-09,18493.00
2020-03-11,18495.00
2020-03-13,18497.00
2020-03-15,18499.00
2020-03-17,18501.00
2020-03-19,18503.00
2020-03-21,18505.00
2020-03-23,18507.00
2020-03-25,18509.00
2020-03-27,18511.00
2020-03-29,18513.00
2020-03-31,18515.00
2020-04-02,18517.00
2020-04-04,18519.00
2020-04-06,18521.00
2020-04-08,18523.00
2020-04-10,18525.00
2020-04-12,18527.00
2020-04-14,18529.00
2020-04-16,18531.00
2020-04-18,18533.00
2020-04-20,18535.00
2020-04-22,18537.00
2020-04-24,18539.00
2020-04-26,18541.00
2020-04-28,18543.00
2020-04-30,18545.00
2020-05-02,18547.00
2020-05-04,18549.00
2020-05-06,18551.00
2020-05-08,18553.00
2020-05-10,18555.00
2020-05-12,18557.00
2020-05-14,18559.00
2020-05-16,18561.00
2020-05-18,18563.00
2020-05-20,18565.00
2020-05-22,18567.00
2020-05-24,18569.00
2020-05-26,18571.00
2020-05-28,18573.00
2020-05-30,18575.00
2020-06-01,18577.00
2020-06-03,18579.00
2020-06-05,18581.00
2020-06-07,18583.00
2020-06-09,18585.00
2020-06-11,18587.00
2020-06-13,18589.00
2020-06-15,18591.00
2020-06-17,18593.00
2020-06-19,18595.00
2020-06-21,18597.00
2020-06-23,18599.00
2020-06-25,18601.00
2020-06-27,18603.00
2020-06-29,18605.00
2020-07-01,18607.00
2020-07-03,18609.00
2020-07-05,18611.00
2020-07-07,18613.00
2020-07-09,18615.00
2020-07-11,18617.00
2020-07-13,18619.00
2020-07-15,18621.00
2020-07-17,18623.00
2020-07-19,18625.00
2020-07-21,18627.00
2020-07-23,18629.00
2020-07-25,18631.00
2020-07-27,18633.00
2020-07-29,18635.00
2020-07-31,18637.00
2020-08-02,18639.00
2020-08-04,18641.00
2020-08-06,18643.00
2020-08-08,18645.00
2020-08-10,18647.00
2020-08-12,18649.00
2020-08-14,18651.00
2020-08-16,18653.00
2020-08-18,18655.00
2020-08-20,18657.00
2020-08-22,18659.00
2020-08-24,18661.00
2020-08-26,18663.00
2020-08-28,18665.00
2020-08-30,18667.00
2020-09-01,18669.00
2020-09-03,18671.00
2020-09-05,18673.00
2020-09-07,18675.00
2020-09-09,18677.00
2020-09-11,18679.00
2020-09-13,18681.00
2020-09-15,18683.00
2020-09-17,18685.00
2020-09-19,18687.00
2020-09-21,18689.00
2020-09-23,18691.00
2020-09-25,18693.00
2020-09-27,18695.00
2020-09-29,18697.00
2020-10-01,18699.00
2020-10-03,18701.00
2020-10-05,18703.00
2020-10-07,18705.00
2020-10-09,18707.00
2020-10-11,18709.00
2020-10-13,18711.00
2020-10-15,18713.00
2020-10-17,18715.00
2020-10-19,18717.00
2020-10-21,18719.00
2020-10-23,18721.00
2020-10-25,18723.00
2020-10-27,18725.00
2020-10-29,18727.00
2020-10-31,18729.00
2020-11-02,18731.00
2020-11-04,18733.00
2020-11-06,18735.00
2020-11-08,18737.00
2020-11-10,18739.00
2020-11-12,18741.00
2020-11-14,18743.00
2020-11-16,18745.00
2020-11-18,18747.00
2020-11-20,18749.00
2020-11-22,18751.00
2020-11-24,18753.00
2020-11-26,18755.00
2020-11-28,18757.00
2020-11-30,18759.00
2020-12-02,18761.00
2020-12-04,18763.00
2020-12-06,18765.00
2020-12-08,18767.00
2020-12-10,18769.00
2020-12-12,18771.00
2020-12-14,18773.00
2020-12-16,18775.00
2020-12-18,18777.00
2020-12-20,18779.00
2020-12-22,18781.00
2020-12-24,18783.00
2020-12-26,18785.00
2020-12-28,18787.00
2020-12-30,18789.00
2021-01-01,18791.00
2021-01-03,18793.00
2021-01-05,18795.00
2021-01-07,18797.00
2021-01-09,18799.00
2021-01-11,18801.00
2021-01-13,18803.00
2021-01-15,18805.00
2021-01-17,18807.00
2021-01-19,18809.00
2021-01-21,18811.00
2021-01-23,18813.00
2021-01-25,18815.00
2021-01-27,18817.00
2021-01-29,18819.00
2021-01-31,18821.00
2021-02-02,18823.00
2021-02-04,18825.00
2021-02-06,18827.00
2021-02-08,18829.00
2021-02-10,18831.00
2021-02-12,18833.00
2021-02-14,18835.00
2021-02-16,18837.00
2021-02-18,18839.00
2021-02-20,18841.00
2021-02-22,18843.00
2021-02-24,18845.00
2021-02-26,18847.00
2021-02-28,18849.00
2021-03-02,18851.00
2021-03-04,18853.00
2021-03-06,18855.00
2021-03-08,18857.00
2021-03-10,18859.00
2021-03-12,18861.00
2021-03-14,18863.00
2021-03-16,18865.00
2021-03-18,18867.00
2021-03-20,18869.00
2021-03-22,18871.00
2021-03-24,18873.00
2021-03-26,18875.00
2021-03-28,18877.00
2021-03-30,18879.00
2021-04-01,18881.00
2021-04-03,18883.00
2021-04-05,18885.00
2021-04-07,18887.00
2021-04-09,18889.00
2021-04-11,18891.00
2021-04-13,18893.00
2021-04-15,18895.00
2021-04-17,18897.00
2021-04-19,18899.00
2021-04-21,18901.00
2021-04-23,18903.00
2021-04-25,18905.00
2021-04-27,18907.00
2021-04-29,18909.00
2021-05-01,18911.00
2021-05-03,18913.00
2021-05-05,18915.00
2021-05-07,18917.00
2021-05-09,18919.00
2021-05-11,18921.00
2021-05-13,18923.00
2021-05-15,18925.00
2021-05-17,18927.00
2021-05-19,18929.00
2021-05-21,18931.00
2021-05-23,18933.00
2021-05-25,18935.00
2021-05-27,18937.00
2021-05-29,18939.00
2021-05-31,18941.00
2021-06-02,18943.00
2021-06-04,18945.00
2021-06-06,18947.00
2021-06-08,18949.00
2021-06-10,18951.00
2021-06-12,18953.00
2021-06-14,18955.00
2021-06-16,18957.00
2021-06-18,18959.00
2021-06-20,18961.00
2021-06-22,18963.00
2021-06-24,18965.00
2021-06-26,18967.00
2021-06-28,18969.00
2021-06-30,18971.00
2021-07-02,18973.00
2021-07-04,18975.00
2021-07-06,18977.00
2021-07-08,18979.00
2021-07-10,18981.00
2021-07-12,18983.00
2021-07-14,18985.00
2021-07-16,18987.00
2021-07-18,18989.00
2021-07-20,18991.00
2021-07-22,18993.00
2021-07-24,18995.00
2021-07-26,18997.00
2021-07-28,18999.00
2021-07-30,19001.00
2021-08-01,19003.00
2021-08-03,19005.00
2021-08-05,19007.00
2021-08-07,19009.00
2021-08-09,19011.00
2021-08-11,19013.00
2021-08-13,19015.00
2021-08-15,19017.00
2021-08-17,19019.00
2021-08-19,19021.00
2021-08-21,19023.00
2021-08-23,19025.00
2021-08-25,19027.00
2021-08-27,19029.00
2021-08-29,19031.00
2021-08-31,19033.00
2021-09-02,19035.00
2021-09-04,19037.00
2021-09-06,19039.00
2021-09-08,19041.00
2021-09-10,19043.00
2021-09-12,19045.00
2021-09-14,19047.00
2021-09-16,19049.00
2021-09-18,19051.00
2021-09-20,19053.00
2021-09-22,19055.00
2021-09-24,19057.00
2021-09-26,19059.00
2021-09-28,19061.00
2021-09-30,19063.00
2021-10-02,19065.00
2021-10-04,19067.00
2021-10-06,19069.00
2021-10-08,19071.00
2021-10-10,19073.00
2021-10-12,19075.00
2021-10-14,19077.00
2021-10-16,19079.00
2021-10-18,19081.00
2021-10-20,19083.00
2021-10-22,19085.00
2021-10-24,19087.00
2021-10-26,19089.00
2021-10-28,19091.00
2021-10-30,19093.00
2021-11-01,19095.00
2021-11-03,19097.00
2021-11-05,19099.00
2021-11-07,19101.00
2021-11-09,19103.00
2021-11-11,19105.00
2021-11-13,19107.00
2021-11-15,19109.00
2021-11-17,19111.00
2021-11-19,19113.00
2021-11-21,19115.00
2021-11-23,19117.00
2021-11-25,19119.00
2021-11-27,19121.00
2021-11-29,19123.00
2021-12-01,19125.00
2021-12-03,19127.00
2021-12-05,19129.00
2021-12-07,19131.00
2021-12-09,19133.00
2021-12-11,19135.00
2021-12-13,19137.00
2021-12-15,19139.00
2021-12-17,19141.00
2021-12-19,19143.00
2021-12-21,19145.00
2021-12-23,19147.00
2021-12-25,19149.00
2021-12-27,19151.00
2021-12-29,19153.00
2021-12-31,19155.00
2022-01-02,19157.00
2022-01-04,19159.00
2022-01-06,19161.00
2022-01-08,19163.00
2022-01-10,19165.00
2022-01-12,19167.00
2022-01-14,19169.00
2022-01-16,19171.00
2022-01-18,19173.00
2022-01-20,19175.00
2022-01-22,19177.00
2022-01-24,19179.00
2022-01-26,19181.00
2022-01-28,19183.00
2022-01-30,19185.00
2022-02-01,19187.00
2022-02-03,19189.00
2022-02-05,19191.00
2022-02-07,19193.00
2022-02-09,19195.00
2022-02-11,19197.00
2022-02-13,19199.00
2022-02-15,19201.00
2022-02-17,19203.00
2022-02-19,19205.00
2022-02-21,19207.00
2022-02-23,19209.00
2022-02-25,19211.00
2022-02-27,19213.00
2022-03-01,19215.00
2022-03-03,19217.00
2022-03-05,19219.00
2022-03-07,19221.00
2022-03-09,19223.00
2022-03-11,19225.00
2022-03-13,19227.00
2022-03-15,19229.00
2022-03-17,19231.00
2022-03-19,19233.00
2022-03-21,19235.00
2022-03-23,19237.00
2022-03-25,19239.00
2022-03-27,19241.00
2022-03-29,19243.00
